"abs","<2 hours",">10 hours","2-5 hours","10 hours"
"<5 days",9.49206349206349,10,10.1984126984127,11.0888888888889
">20 days",10.75,NA,10.1111111111111,10
"11-15 days",7.5,16,10.5,13
"16-20 days",9.625,NA,9.44444444444444,15
"6-10 days",12.1666666666667,12.5454545454545,10.0333333333333,12.0666666666667
